time,at,cash,stock
2019 Q2,108/07/31,0.0,0.0
2018,108/02/26,2.92,0.0
2017,,0.41,0.0
2016,,2.92,0.0
2015,,2.1860079,0.04990885
2014,,1.97,0.05
2013,,2.71195158,0.050036
2012,,2.34061583,0.04980033
2011,,2.27,0.05
2010,,2.87,0.05
