at,cash,co_id,stock,time
108/07/31,0.0,2301,0.0,2019 Q2
108/02/26,2.92,2301,0.0,2018
nan,0.41,2301,0.0,2017
nan,2.92,2301,0.0,2016
nan,2.1860079,2301,0.04990885,2015
nan,1.97,2301,0.05,2014
nan,2.71195158,2301,0.050036,2013
nan,2.34061583,2301,0.04980033,2012
nan,2.27,2301,0.05,2011
nan,2.87,2301,0.05,2010
