time,at,cash,stock
2018,108/03/06,0.58,0.0
2017,,0.7,0.0
2016,,0.5,0.0
2015,,0.55,0.0
2014,,0.55,0.0
2013,,0.01,0.0
2012,,0.4,0.0
2011,,0.49980232,0.0
2010,,1.11164,0.0
