at,cash,co_id,stock,time
108/03/06,0.58,2303,0.0,2018
nan,0.7,2303,0.0,2017
nan,0.5,2303,0.0,2016
nan,0.55,2303,0.0,2015
nan,0.55,2303,0.0,2014
nan,0.01,2303,0.0,2013
nan,0.4,2303,0.0,2012
nan,0.49980232,2303,0.0,2011
nan,1.11164,2303,0.0,2010
