at,cash,co_id,stock,time
108/03/11,5.0,2308,0.0,2018
nan,5.0,2308,0.0,2017
nan,5.0,2308,0.0,2016
nan,5.0,2308,0.0,2015
nan,6.7,2308,0.0,2014
nan,5.8,2308,0.0,2013
nan,5.29101501,2308,0.0,2012
nan,3.49448218,2308,0.0,2011
nan,5.19546,2308,0.0,2010
