time,at,cash,stock
2018,108/03/11,5.0,0.0
2017,,5.0,0.0
2016,,5.0,0.0
2015,,5.0,0.0
2014,,6.7,0.0
2013,,5.8,0.0
2012,,5.29101501,0.0
2011,,3.49448218,0.0
2010,,5.19546,0.0
