at,cash,co_id,stock,time
108/08/13,2.5,2330,0.0,2019 Q2
108/06/05,2.0,2330,0.0,2019 Q1
108/02/19,8.0,2330,0.0,2018
nan,8.0,2330,0.0,2017
nan,7.0,2330,0.0,2016
nan,6.0,2330,0.0,2015
nan,4.49987539,2330,0.0,2014
nan,3.0,2330,0.0,2013
nan,2.9995522,2330,0.0,2012
nan,2.99948071,2330,0.0,2011
nan,2.99951,2330,0.0,2010
