time,at,cash,stock
2019 Q2,108/08/13,2.5,0.0
2019 Q1,108/06/05,2.0,0.0
2018,108/02/19,8.0,0.0
2017,,8.0,0.0
2016,,7.0,0.0
2015,,6.0,0.0
2014,,4.49987539,0.0
2013,,3.0,0.0
2012,,2.9995522,0.0
2011,,2.99948071,0.0
2010,,2.99951,0.0
