time,at,cash,stock
2018,108/02/27,7.15365144,0.0
2017,,3.6229488,0.0
2016,,1.5,0.0
2015,,2.8,0.0
2014,,2.0,0.0
2013,,0.0,0.0
2012,,0.0,0.0
2011,,0.0,0.0
2010,,0.0,0.0
