at,cash,co_id,stock,time
108/02/27,7.15365144,2408,0.0,2018
nan,3.6229488,2408,0.0,2017
nan,1.5,2408,0.0,2016
nan,2.8,2408,0.0,2015
nan,2.0,2408,0.0,2014
nan,0.0,2408,0.0,2013
nan,0.0,2408,0.0,2012
nan,0.0,2408,0.0,2011
nan,0.0,2408,0.0,2010
