time,at,cash,stock
2018,108/03/20,0.20960737,0.0
2017,,0.218182,0.0
2016,,0.0,0.0
2015,,0.45852238,0.0
2014,,0.0,0.0
2013,,0.0,0.0
2012,,0.0,0.0
2011,,0.0,0.0
2010,,0.4,0.0
