at,cash,co_id,stock,time
108/03/20,0.20960737,2610,0.0,2018
nan,0.218182,2610,0.0,2017
nan,0.0,2610,0.0,2016
nan,0.45852238,2610,0.0,2015
nan,0.0,2610,0.0,2014
nan,0.0,2610,0.0,2013
nan,0.0,2610,0.0,2012
nan,0.0,2610,0.0,2011
nan,0.4,2610,0.0,2010
