at,cash,co_id,stock,time
108/05/02,2.0,2881,0.0,2018
nan,2.3,2881,0.0,2017
nan,2.0,2881,0.0,2016
nan,2.0,2881,0.0,2015
nan,3.0,2881,0.0,2014
nan,1.5,2881,0.0,2013
nan,1.0,2881,0.0,2012
nan,0.99873978,2881,0.49936989,2011
nan,0.99891,2881,0.49945,2010
