time,at,cash,stock
2018,108/05/02,2.0,0.0
2017,,2.3,0.0
2016,,2.0,0.0
2015,,2.0,0.0
2014,,3.0,0.0
2013,,1.5,0.0
2012,,1.0,0.0
2011,,0.99873978,0.49936989
2010,,0.99891,0.49945
