at,cash,co_id,stock,time
108/04/29,0.245,2883,0.0,2018
nan,0.6,2883,0.0,2017
nan,0.5,2883,0.0,2016
nan,0.5,2883,0.0,2015
nan,0.6,2883,0.0,2014
nan,0.4,2883,0.0,2013
nan,0.18,2883,0.0,2012
nan,0.0,2883,0.0,2011
nan,0.59181,2883,0.09863,2010
