time,at,cash,stock
2018,108/04/29,0.245,0.0
2017,,0.6,0.0
2016,,0.5,0.0
2015,,0.5,0.0
2014,,0.6,0.0
2013,,0.4,0.0
2012,,0.18,0.0
2011,,0.0,0.0
2010,,0.59181,0.09863
