time,at,cash,stock
2018,108/03/15,0.71,0.711
2017,,0.6126,0.6126
2016,,0.49080461,0.74083715
2015,,0.43,1.0
2014,,0.4346757,0.8693514
2013,,0.27642623,0.89169752
2012,,0.3,1.0
2011,,0.2,0.5
2010,,0.2,0.7
