at,cash,co_id,stock,time
108/03/25,0.9,2885,0.0,2018
nan,0.55,2885,0.0,2017
nan,0.44777,2885,0.0,2016
nan,0.361,2885,0.0,2015
nan,0.617839,2885,0.2622902,2014
nan,0.65,2885,0.25,2013
nan,0.55,2885,0.0,2012
nan,0.2,2885,0.0,2011
nan,0.0,2885,0.91728,2010
