time,at,cash,stock
2018,108/03/25,0.9,0.0
2017,,0.55,0.0
2016,,0.44777,0.0
2015,,0.361,0.0
2014,,0.617839,0.2622902
2013,,0.65,0.25
2012,,0.55,0.0
2011,,0.2,0.0
2010,,0.0,0.91728
