time,at,cash,stock
2018,108/03/22,0.636,0.0
2017,,0.5,0.2
2016,,0.344,0.35
2015,,0.432,0.5
2014,,0.5,0.736
2013,,0.335,0.808
2012,,0.33488148,0.8
2011,,0.13547466,0.316
2010,,0.15024,0.43
