time,cash,stock
2019 Q2,0.0,0.0
2018,2.92,0.0
2017,0.41,0.0
2016,2.92,0.0
2015,2.1860079,0.04990885
2014,1.97,0.05
2013,2.71195158,0.050036
