time,cash,stock
2018,0.9,0.0
2017,0.55,0.0
2016,0.44777,0.0
2015,0.361,0.0
2014,0.617839,0.2622902
2013,0.65,0.25
