time,cash,stock
2018,0.50838555,0.2079759
2017,0.54205596,0.44350041
2016,0.52525619,0.42975499
2015,0.48267681,0.72401532
2014,0.0508463,0.0
2013,0.42597815,0.99394902
